-- create and select the database
DROP DATABASE IF EXISTS easy_insure_db;
CREATE DATABASE easy_insure_db;
USE easy_insure_db;

-- create the tables
CREATE TABLE plan (
  planID    INT(11)       NOT NULL   AUTO_INCREMENT,
  planName  VARCHAR(255)  NOT NULL,
  base       INT(11) 		  NOT NULL,

  PRIMARY KEY (planID)
);

CREATE TABLE customer(
  customerID     	INT(11)       NOT NULL   AUTO_INCREMENT,
  planID       	  INT(11)       NOT NULL,
  firstName     	VARCHAR(255)  NOT NULL,
  lastName      	VARCHAR(255)  NOT NULL,
  age	       	    INT(11)       NOT NULL,
  gender       	  INT(1)	      NOT NULL,
  smoker		      INT(1)	      NOT NULL,
  val             INT(11)       NOT NULL,
  monthlyPremium	FLOAT(10)     NOT NULL,
  email           VARCHAR(255)  NOT NULL,
  phone           VARCHAR(255)  NOT NULL,
  policyStart     VARCHAR(255)  NOT NULL,
  address         VARCHAR(255)  NOT NULL,
  city            VARCHAR(255)  NOT NULL,
  state           VARCHAR(2)    NOT NULL,
  zip             INT(5)        NOT NULL,
  dependant       VARCHAR(255)  NOT NULL,
  contactN        VARCHAR(255)  NOT NULL,
  relation        VARCHAR(255)  NOT NULL,

  PRIMARY KEY (customerID),

  FOREIGN KEY (planID) REFERENCES plan(planID)
);

CREATE TABLE waitList(
  waitID        INT(11)         NOT NULL  AUTO_INCREMENT,
  firstName     VARCHAR(255)    NOT NULL,
  lastName      VARCHAR(255)    NOT NULL,
  phone         VARCHAR(255)    NOT NULL,
  email         VARCHAR(255)    NOT NULL,
  date          date            NOT NULL,
  time          time            NOT NULL,
  
  PRIMARY KEY (waitID)
);

-- insert data into the database
INSERT INTO plan VALUES
(1,"Universal", 44),
(2,"Whole",56),
(3,"Term", 75);

INSERT INTO customer VALUES
(1,1,"Antony","Henderson",50,5,1,100,69.67,"HendersonA83@gmail.com","317-215-8235","2011-03-26","1321 Thomas Springs","Chiloquin","DE",85380,"Haris Myers","233-986-4124","Child"),
(2,2,"Agata","Cole",79,0,1,33,69,"ColeA13@gmail.com","772-744-4572","2015-12-16","8647 Cambrian Hey","Hiseville","ID",73026,"Oliver Dixon","549-966-6979","Sibling"),
(3,2,"Tony","Richardson",30,5,1,50,57,"RichardsonT71@gmail.com","815-780-1403","2019-11-22","4276 Beech Tree Parc","Kenwood","ND",19325,"Catherine Carroll","578-238-5634","Sibling"),
(4,1,"Sarah","Thompson",80,0,1,33,65,"ThompsonS75@gmail.com","662-811-8011","2012-03-21","3831 Buller Rise","Ahoskie","IA",42323,"Alina Morrison","928-597-5621","Child"),
(5,2,"Thomas","Howard",50,5,1,33,51.33,"HowardT89@gmail.com","507-444-1838","2020-05-05","9587 Reynolds Street","Mappsville","WV",15335,"Alberta Johnson","676-304-3648","Sibling"),
(6,2,"Aston","Watson",27,5,1,50,51.33,"WatsonA30@gmail.com","195-911-9141","2013-03-05","8699 Windsor Lawn","Quartzsite","NY",95156,"Edward Henderson","240-632-9180","Sibling"),
(7,2,"Charlie","Fowler",39,5,1,33,51.33,"FowlerC50@gmail.com","458-111-3652","2013-06-09","9867 Two Oaks Drive","Lake Zurich","NC",50060,"Mary Dixon","428-125-6785","Sibling"),
(8,3,"Daisy","Johnson",77,0,3,33,225.99,"JohnsonD73@gmail.com","345-102-7810","2010-07-17","6559 Holland Row","Trumann","NJ",56752,"Tyler Montgomery","761-822-2537","Spouse"),
(9,2,"Sawyer","West",26,5,1,33,45.67,"WestS43@gmail.com","698-571-9123","2019-08-17","8340 Smithy Garden","Prairie Ridge","AK",17715,"Fiona Martin","774-124-1592","Sibling"),
(10,2,"Chester","Tucker",18,5,1,100,68,"TuckerC67@gmail.com","403-778-6068","2019-09-20","4317 Gleneagles Oval","Perry","OR",79825,"Heather Kelly","886-871-8464","Sibling"),
(11,2,"Charlotte","Barrett",62,0,3,50,224.01,"BarrettC1@gmail.com","190-672-1167","2018-01-27","8570 Upcross Gardens","Walford","DE",62296,"Dominik Holmes","546-563-1028","Sibling"),
(12,3,"Vincent","Stevens",79,5,1,33,80.33,"StevensV13@gmail.com","624-487-6152","2016-07-16","1659 Hill Ridings","Beryl Junction","IN",39503,"Maria Howard","328-663-8708","Spouse"),
(13,3,"Alisa","Martin",48,0,1,100,75,"MartinA86@gmail.com","278-184-6851","2019-08-13","9421 Nash Glen","Spofford","SD",16719,"Robert Casey","664-845-5286","Spouse"),
(14,1,"George","Alexander",36,5,1,50,53,"AlexanderG87@gmail.com","320-725-8446","2016-06-09","5113 Appleton Path","White Island Shores","WV",40986,"April Foster","251-582-2864","Child"),
(15,3,"Kirsten","Casey",50,0,1,50,58.33,"CaseyK53@gmail.com","545-339-5321","2012-09-14","6174 Maidstone Fairway","Belfield","KS",77392,"Isabella Rogers","398-197-4364","Spouse"),
(16,2,"Sarah","Alexander",70,0,1,50,74.67,"AlexanderS35@gmail.com","953-320-4643","2017-07-08","5220 Scarborough Grove","Boulder Hill","WA",29738,"Lucy Allen","954-838-5458","Sibling"),
(17,3,"Eddy","Moore",19,5,3,33,156,"MooreE12@gmail.com","235-186-5283","2012-03-16","6559 Third Leys","Ak-Chin Village","NV",98507,"Freddie Harrison","240-774-8942","Spouse"),
(18,1,"Stella","Hall",37,0,1,33,42.33,"HallS90@gmail.com","499-435-7399","2010-07-07","4728 Welland Barton","Eagle Rock","OH",58100,"Violet Howard","696-308-3240","Child"),
(19,1,"Kelvin","Alexander",42,5,3,100,209.01,"AlexanderK74@gmail.com","967-288-3590","2012-06-30","2750 Daffodil Brambles","Clarington","FL",35086,"Natalie Wilson","330-475-5215","Child"),
(20,3,"Vincent","Kelley",57,5,1,50,86,"KelleyV13@gmail.com","828-536-5985","2016-11-11","4896 Austen Gardens","Okmulgee","LA",47802,"Albert Moore","663-675-3658","Spouse"),
(21,3,"Byron","Casey",48,5,1,33,57.67,"CaseyB55@gmail.com","808-856-7985","2020-03-23","4734 Peel Field","Hide-A-Way Lake","NY",60544,"Cherry Mason","455-805-7932","Spouse"),
(22,2,"Tiana","Ferguson",80,0,1,33,69,"FergusonT5@gmail.com","660-235-8590","2012-07-01","812 Ranelagh Row","Cowpens","AK",51069,"Lyndon Stewart","300-133-3861","Sibling"),
(23,3,"Rebecca","Dixon",37,0,1,33,52.67,"DixonR41@gmail.com","902-991-7700","2016-05-01","4433 Hartland Approach","Jerry City","SC",57224,"Ellia Hunt","598-512-7552","Spouse"),
(24,1,"Garry","Sullivan",73,5,1,50,75.67,"SullivanG78@gmail.com","360-456-2594","2010-11-19","3690 Allen Walk","Carlyle","MD",22955,"Sydney Perkins","609-730-1232","Child"),
(25,1,"Isabella","Harrison",22,0,1,33,36.67,"HarrisonI70@gmail.com","356-924-1555","2015-12-10","4920 Holly Ridge","Mounds View","OK",95105,"Julia Montgomery","879-825-4779","Child"),
(26,1,"Carl","Turner",79,5,1,33,70,"TurnerC4@gmail.com","552-782-5053","2014-09-09","1996 Jerting Street","Eastport","MD",14732,"Garry Reed","102-989-3848","Child"),
(27,3,"Nicole","Bennett",51,0,1,50,81,"BennettN53@gmail.com","125-645-4433","2018-02-21","359 Shaftesbury Valley","Anaheim","SD",34427,"Elian Andrews","734-705-2086","Spouse"),
(28,2,"Daniel","Anderson",52,5,1,33,74,"AndersonD69@gmail.com","316-285-4560","2018-02-24","4247 Silver Birch Orchard","Black Butte Ranch","OK",37495,"Florrie West","725-632-7680","Sibling"),
(29,1,"Alisa","Morrison",34,0,1,33,42.33,"MorrisonA90@gmail.com","214-534-8964","2018-01-01","9606 Folly Garth","Lovettsville","WV",57569,"Clark Parker","815-553-3360","Child"),
(30,3,"Amanda","Hall",38,0,1,100,75,"HallA56@gmail.com","411-912-2352","2019-04-19","1076 Sixth Ridings","Sapulpa","AR",65924,"Jacob Henderson","503-727-1579","Spouse"),
(31,3,"Catherine","Holmes",44,0,1,100,75,"HolmesC72@gmail.com","748-619-8948","2011-11-21","2444 School Coppice","Whiteash","AR",41842,"Sydney Warren","674-134-3577","Spouse"),
(32,3,"Arthur","Stewart",30,5,1,50,63.33,"StewartA44@gmail.com","128-938-6470","2013-07-04","7612 Lawson Glade","Big Thicket Lake Estates","GA",44172,"Oliver Grant","499-697-8141","Spouse"),
(33,3,"Daisy","Myers",64,0,1,50,81,"MyersD26@gmail.com","877-648-7240","2013-06-21","9771 Duke Fields","Jacobus","DE",31209,"Stella Moore","369-118-3109","Spouse"),
(34,1,"Lucy","Perkins",43,0,1,100,64.67,"PerkinsL30@gmail.com","842-246-9742","2015-05-03","4368 Deer Park Leys","Unionville Center","ID",38873,"Edwin Roberts","728-702-6599","Child"),
(35,3,"Heather","Hall",76,0,1,100,97.67,"HallH50@gmail.com","569-568-9724","2010-11-23","4388 Well Lodge","Terminous","IN",48547,"Brooke Douglas","207-122-9673","Spouse"),
(36,2,"Edwin","Parker",34,5,1,50,57,"ParkerE69@gmail.com","255-688-1286","2010-09-11","8923 Marlow Green","Pawnee City","GA",66552,"Julia Dixon","748-261-4231","Sibling"),
(37,3,"Kelsey","West",35,0,1,33,52.67,"WestK41@gmail.com","859-592-3266","2015-06-29","2092 Chattock Street","Hackensack","NY",77855,"Eleanor Harrison","220-419-8675","Spouse"),
(38,1,"Thomas","Adams",28,5,1,50,47.33,"AdamsT37@gmail.com","470-969-2241","2010-06-08","6507 Harrison's Fold","Aspen Park","NJ",86451,"Reid Davis","344-193-3443","Child"),
(39,1,"Myra","Thomas",42,0,1,33,42.33,"ThomasM20@gmail.com","854-651-9205","2017-03-18","9539 Centurion Oaks","Elk Point","OH",86262,"Oliver Miller","667-450-2489","Child"),
(40,1,"Tiana","Howard",38,0,1,50,48,"HowardT96@gmail.com","362-296-7059","2019-09-01","5697 Clarke Holt","Circleville","RI",35779,"Carlos Martin","368-230-2655","Child"),
(41,3,"Ted","Parker",38,5,1,33,57.67,"ParkerT63@gmail.com","693-750-1315","2019-01-08","4446 Hawkins Oak","Scotts Corners","GA",73630,"Brooke Hall","817-323-6550","Spouse"),
(42,1,"Chloe","Harrison",65,0,3,33,195,"HarrisonC83@gmail.com","572-406-8830","2011-10-31","4347 Wyndham Square","Garfield Heights","ID",58044,"Caroline Alexander","914-733-6030","Child"),
(43,3,"Chloe","Barnes",29,0,3,100,207.99,"BarnesC35@gmail.com","541-383-8205","2011-06-04","950 Leven Village","Southport","NH",13386,"Adrian Henderson","159-458-1581","Spouse"),
(44,3,"Cherry","Baker",75,0,1,100,97.67,"BakerC61@gmail.com","891-667-7235","2020-11-29","9816 Plymouth Grange","McKees Rocks","NC",41946,"Chloe Reed","813-620-2334","Spouse"),
(45,2,"Amber","Hill",78,0,1,100,91.33,"HillA61@gmail.com","534-130-9110","2017-01-30","6723 Peartree Ride","Broadview","AZ",69428,"Myra Clark","563-276-1929","Sibling"),
(46,2,"Brianna","Johnson",67,0,1,50,74.67,"JohnsonB67@gmail.com","776-341-4260","2020-01-27","6751 Bodnant Grove","Kemp","HI",72312,"Audrey Carroll","761-281-7847","Sibling"),
(47,2,"Martin","Adams",56,5,1,50,79.67,"AdamsM37@gmail.com","671-104-3922","2020-04-08","4943 Vine Circus","Lava Hot Springs","WA",11005,"Amanda Hunt","179-408-8449","Sibling"),
(48,1,"Brad","Holmes",42,5,3,50,159,"HolmesB41@gmail.com","373-282-4480","4/31/2018","2750 Lords Hollies","Blackgum","KS",12374,"Aldus Williams","411-641-1920","Child"),
(49,1,"Charlie","Higgins",65,5,1,100,92.33,"HigginsC3@gmail.com","823-781-6130","2013-07-15","7336 Pickering Avenue","Isle of Palms","MI",92127,"Steven Riley","692-947-8107","Child"),
(50,2,"Richard","Crawford",22,5,1,50,51.33,"CrawfordR55@gmail.com","412-900-9144","2010-04-30","2181 Wortham Close","El Chaparral","UT",26503,"Lucy Parker","681-898-6337","Sibling"),
(51,3,"Julian","Thompson",48,5,1,33,57.67,"ThompsonJ78@gmail.com","429-240-2785","2015-05-17","2127 Minerva Top","Bezvodnyy","WA",18301,"Maximilian Richardson","570-932-3204","Spouse"),
(52,1,"Agata","Cameron",54,0,1,50,70.67,"CameronA94@gmail.com","234-562-5439","2013-06-20","5061 Attlee Mead","Glinskoye","LA",21861,"Brianna Holmes","615-938-3570","Child"),
(53,1,"Jenna","Kelly",42,0,1,50,48,"KellyJ62@gmail.com","602-649-9881","2020-12-26","2209 Clarke Moorings","Vysokoye","PA",93101,"Carlos Douglas","728-794-6018","Child"),
(54,3,"Max","Gibson",47,5,3,50,189.99,"GibsonM85@gmail.com","844-173-1311","2012-04-29","9694 Holland Celyn","Visloye","NY",72940,"Miranda Casey","673-628-9737","Spouse"),
(55,2,"Charlie","Carroll",30,5,1,50,57,"CarrollC76@gmail.com","307-725-3882","2013-01-14","9348 Romsey Courtyard","Yevdokimovo","CO",18342,"Alfred Casey","522-714-7301","Sibling"),
(56,1,"Frederick","Thompson",79,5,1,100,92.33,"ThompsonF71@gmail.com","314-121-8566","2017-12-23","7027 Swanscombe Street","Seri-Kirbit","UT",48764,"Carina Carroll","927-903-9407","Child"),
(57,3,"April","Wilson",32,0,1,33,52.67,"WilsonA45@gmail.com","833-877-4386","2013-02-14","4905 Williams Coppice","Titovskaya","WA",55209,"Maria Phillips","765-472-3957","Spouse"),
(58,2,"Julia","Campbell",40,0,1,50,52,"CampbellJ66@gmail.com","392-272-7629","2014-09-21","2888 Valerie Close","Olyuniny","OR",47008,"Cadie Johnson","718-874-1506","Sibling"),
(59,1,"Edward","Walker",75,5,1,100,92.33,"WalkerE41@gmail.com","733-358-3161","2013-06-24","5040 Cottage Villas","Zaryadnaya-Dubrava","MD",24897,"Ned Farrell","379-341-9882","Child"),
(60,3,"Jenna","Stewart",60,0,1,100,97.67,"StewartJ96@gmail.com","598-162-5832","2011-09-20","4647 Kentidge Road","Sovetskaya","NV",48652,"Mike Parker","687-488-6576","Spouse"),
(61,2,"Sydney","Hawkins",64,0,3,33,207,"HawkinsS4@gmail.com","189-868-5703","2012-12-12","4962 Powell Paddock","Gnilitsa","IL",52006,"Ellia Carroll","494-564-8739","Sibling"),
(62,2,"Sydney","Wells",30,0,1,100,68.67,"WellsS12@gmail.com","508-169-4411","2014-04-11","9456 Pine Bottom","Tsadyr","MO",66904,"Amanda Myers","449-511-3324","Sibling"),
(63,2,"Alexander","Douglas",52,5,1,50,79.67,"DouglasA56@gmail.com","419-769-3001","2020-06-18","213 Anne Ridings","Ryzhkovo","NV",43421,"Charlie Perkins","517-882-7515","Sibling"),
(64,3,"Carina","Hunt",63,0,1,33,75.33,"HuntC45@gmail.com","976-296-1398","2018-02-26","4670 Westbrook Rowans","Gainskoje","ID",11233,"Lucy Armstrong","551-825-5283","Spouse"),
(65,2,"Chelsea","Montgomery",34,0,1,100,68.67,"MontgomeryC87@gmail.com","757-637-4521","2016-03-25","3855 Paxton Copse","Shchelkanur","TX",80476,"Albert Ellis","166-921-6939","Sibling"),
(66,3,"Adrian","Wilson",67,5,1,100,102.67,"WilsonA37@gmail.com","153-122-2885","2015-06-27","5727 Villa Lodge","Irininskoye","WV",72810,"Tony Johnson","342-514-4778","Spouse"),
(67,1,"Oscar","Riley",31,5,1,100,69.67,"RileyO37@gmail.com","755-648-3577","2020-11-07","6577 Hook Garth","Mysy","CT",88511,"Jenna Hamilton","328-381-8640","Child"),
(68,3,"Clark","Anderson",63,5,3,100,308.01,"AndersonC75@gmail.com","460-963-1619","2019-01-29","563 Sefton View","Pushkaro-Kladbishchenskaya","NY",95254,"Heather Hill","758-692-5867","Spouse"),
(69,1,"Melissa","Moore",32,0,1,50,48,"MooreM81@gmail.com","669-398-6561","2020-05-10","7885 Rochester Estate","Starosunzhenskoye","MA",28417,"Tess Jones","214-353-9841","Child"),
(70,2,"Dainton","Montgomery",50,5,3,33,153.99,"MontgomeryD52@gmail.com","476-242-2710","2013-09-04","2529 Hollybush Glas","Starkovo","IN",50599,"Rebecca Brown","623-592-7089","Sibling"),
(71,2,"Lydia","Casey",51,0,1,50,74.67,"CaseyL68@gmail.com","705-426-7869","2018-08-07","3160 Albert Glen","Lotmozero","AZ",74477,"Adrianna Cole","365-351-3586","Sibling"),
(72,2,"Nicole","Walker",79,0,1,50,74.67,"WalkerN10@gmail.com","701-710-8939","2011-06-03","5543 St Luke's By-Pass","Izba Anachin","CO",40541,"Sarah Riley","639-615-1436","Sibling"),
(73,1,"Amber","Cameron",30,0,1,100,64.67,"CameronA59@gmail.com","637-311-3555","2011-02-05","9050 Lancaster Fold","Koligernaya","NV",26969,"Annabella Barrett","743-671-9118","Child"),
(74,3,"Tony","Alexander",42,5,1,33,57.67,"AlexanderT11@gmail.com","334-567-5828","2016-03-21","9609 Shire North","Pravo-Pikanskiy","AR",90626,"Lucas Cooper","484-903-5699","Spouse"),
(75,2,"Vivian","Kelley",66,0,3,50,224.01,"KelleyV54@gmail.com","436-513-5230","2013-05-24","3381 St Mark's Green","Ozerki","OK",41867,"Steven Cole","453-979-1742","Sibling"),
(76,3,"Justin","Brown",70,5,3,33,240.99,"BrownJ72@gmail.com","327-278-4236","2011-09-04","5201 Sixth Way","Kudinov","NM",25448,"Lyndon Thomas","812-449-6530","Spouse"),
(77,2,"Ellia","Scott",48,0,1,100,68.67,"ScottE31@gmail.com","750-149-1363","2010-10-24","237 Sunny Cottages","Ponegyrgin","NJ",19875,"Alfred Andrews","372-501-6375","Sibling"),
(78,3,"Edward","Baker",70,5,1,50,86,"BakerE64@gmail.com","194-871-8754","2014-04-23","515 Leckethill Place","Tantsukh","AK",72202,"Alberta Mason","894-231-2139","Spouse"),
(79,2,"Daryl","Hawkins",56,5,3,50,239.01,"HawkinsD59@gmail.com","388-771-9742","2012-09-27","2979 Haydon Esplanade","Babenkovo","MS",80221,"Alisa Cameron","451-121-3884","Sibling"),
(80,3,"Joyce","Cunningham",49,0,1,50,58.33,"CunninghamJ16@gmail.com","688-644-2693","2013-09-13","2816 Mary Glebe","Cheremkhovka","MA",19280,"Edward Barrett","464-900-5647","Spouse"),
(81,1,"Tyler","Chapman",35,5,3,33,141.99,"ChapmanT76@gmail.com","821-616-1139","2012-02-12","7563 Lambert Vale","Verkhniy Uran","TX",31988,"Edgar Ferguson","330-667-2935","Child"),
(82,2,"Sophia","Ross",30,0,3,50,156,"RossS14@gmail.com","438-239-6180","2014-09-05","4067 Sheepfold Road","Alëshkovo","AR",42672,"Martin Hill","730-686-1568","Sibling"),
(83,2,"Samantha","Rogers",67,0,1,100,91.33,"RogersS87@gmail.com","663-986-8008","2017-08-26","1024 Lombard Gardens","Ust’-Ariy","SC",21446,"Stella Brown","326-931-3843","Sibling"),
(84,1,"Adelaide","Hamilton",21,0,1,33,36.67,"HamiltonA72@gmail.com","202-260-6380","2011-08-04","7833 Waltham Beeches","Gorodishche","UT",82795,"Sawyer Barnes","910-809-4117","Child"),
(85,2,"Alberta","Montgomery",50,0,1,100,68.67,"MontgomeryA3@gmail.com","897-713-5726","2015-04-05","9132 Beath View","Novyy Cherkas","SC",24486,"Cadie Richardson","148-180-8060","Sibling"),
(86,1,"Roman","Farrell",19,5,1,100,64,"FarrellR25@gmail.com","501-185-6338","2013-07-03","829 Bishop Terrace","Vysokoye","MT",96831,"Nicole Rogers","976-922-9472","Child"),
(87,2,"Ned","Hunt",57,5,1,100,96.33,"HuntN71@gmail.com","204-991-2080","2019-08-14","8282 Harlech Quadrant","Daktuy","NM",86812,"Alexia Higgins","534-433-5863","Sibling"),
(88,3,"Myra","Barnes",30,0,1,100,75,"BarnesM83@gmail.com","449-672-2278","2017-06-12","2864 Palm Point","Medyanikova","SC",37822,"Edward Allen","661-569-4091","Spouse"),
(89,1,"Nicole","Davis",30,0,3,100,194.01,"DavisN78@gmail.com","233-212-2375","2014-02-28","4327 Cunningham Moorings","Bol’shaya Khrushchevka","NE",55252,"Mary Wells","547-650-9804","Child"),
(90,3,"Edwin","Riley",67,5,1,100,102.67,"RileyE53@gmail.com","916-633-6205","2014-05-29","2425 Joshua Street","Mishutino","CT",47484,"Melanie Holmes","619-111-8501","Spouse"),
(91,3,"Alfred","Phillips",30,5,1,100,80,"PhillipsA65@gmail.com","120-208-6522","2015-05-16","7778 Branksome Link","Rozhki","MN",59517,"Maya Cole","572-984-2565","Spouse"),
(92,1,"Kristian","Sullivan",26,5,1,33,41.67,"SullivanK67@gmail.com","636-371-8072","2010-04-01","1893 Thomas Meadow","Dianovka","UT",90282,"Rebecca Jones","418-747-8551","Child"),
(93,1,"Violet","Holmes",23,0,1,50,42.33,"HolmesV37@gmail.com","470-356-2173","2017-02-28","344 Brindley Acres","Nikol’skoye","ND",39232,"Nicholas Sullivan","353-870-5027","Child"),
(94,2,"Jack","Wright",66,5,1,50,79.67,"WrightJ43@gmail.com","629-445-6887","2012-11-24","6269 Ling Beck View","Volki","IA",27603,"Caroline Bennett","193-528-1293","Sibling"),
(95,2,"Stuart","Grant",49,5,1,33,51.33,"GrantS34@gmail.com","625-330-5369","2019-07-02","5848 Granville Spinney","Sukhoy Bor","SD",76208,"Lucas Hall","543-227-5531","Sibling"),
(96,1,"April","Riley",72,0,1,33,65,"RileyA12@gmail.com","490-831-5281","2020-05-23","1455 Sun Holt","Sazheni","AZ",85045,"Daryl Dixon","381-198-4095","Child"),
(97,1,"Gianna","Holmes",54,0,1,33,65,"HolmesG62@gmail.com","600-943-7253","2018-10-01","4950 Crossfield Walk","Lyubimovo","RI",31450,"Victoria Allen","372-664-3668","Child"),
(98,1,"Elian","Hunt",44,5,1,33,47.33,"HuntE99@gmail.com","974-140-8156","2010-06-21","5596 Fox Wynd","Nyanyayël’","KY",48419,"Melissa Davis","675-846-8559","Child"),
(99,2,"Albert","Farrell",71,5,1,100,96.33,"FarrellA32@gmail.com","285-114-4032","2010-10-31","7450 Cross Esplanade","Tokarëvo","AZ",91039,"Edward Bennett","610-513-8591","Sibling"),
(100,2,"Victor","Crawford",51,5,3,50,239.01,"CrawfordV30@gmail.com","932-355-8374","2019-05-26","630 Cardiff Strand","Kozlova","AR",43277,"Julia Dixon","318-760-8661","Sibling"),
(101,2,"Paul","Higgins",55,5,1,33,74,"HigginsP84@gmail.com","824-698-7403","2013-08-12","8526 Sunlight Way","Maungawera","MN",64819,"Florrie Grant","832-902-1232","Sibling"),
(102,1,"Brooke","Thomas",60,0,1,100,87.33,"ThomasB94@gmail.com","419-275-9955","2018-04-10","6777 Hexham Fold","Fairlie","OR",33676,"Amy Riley","971-744-3576","Child"),
(103,1,"Amanda","Kelly",55,0,1,100,87.33,"KellyA78@gmail.com","872-547-8051","2016-05-28","7908 Rodney Head","Ngawaro","FL",49363,"Haris Howard","506-247-6402","Child"),
(104,1,"Paul","Wright",30,5,1,33,47.33,"WrightP16@gmail.com","813-248-3947","2018-08-22","1701 Lee Coppice","Whakaangiangi","MS",72263,"Spike Morrison","616-285-4234","Child"),
(105,1,"Lyndon","Stewart",50,5,1,50,53,"StewartL46@gmail.com","684-704-2319","2020-01-06","9774 Leys Moorings","Aokautere","KS",33291,"Vivian Clark","164-994-7750","Child"),
(106,2,"Dominik","Holmes",70,5,1,100,96.33,"HolmesD18@gmail.com","421-643-2332","2012-11-02","953 Devon Street","Opuatia","VA",52727,"Reid Wilson","944-641-9840","Sibling"),
(107,2,"Freddie","Henderson",21,5,1,50,51.33,"HendersonF64@gmail.com","843-630-6988","2019-04-05","8366 Western Way","Dunsandel","AR",30256,"Edward Hawkins","114-408-5887","Sibling"),
(108,1,"Albert","Turner",22,5,3,33,125.01,"TurnerA67@gmail.com","829-371-3235","2011-08-31","1596 Spurgeon Street","Nelson","ME",67748,"Carlos Adams","451-425-7721","Child"),
(109,2,"Ned","Morgan",34,5,1,100,73.67,"MorganN26@gmail.com","486-544-6772","2018-09-20","896 Holts Road","Loburn","ME",12270,"Roland Ross","444-771-8112","Sibling"),
(110,1,"John","Ellis",60,5,1,100,92.33,"EllisJ36@gmail.com","189-505-5366","2020-12-26","8208 Barton Knoll","Oparara","WA",15282,"Julia Harris","290-774-3240","Child"),
(111,3,"Kristian","Cooper",28,5,1,50,57.67,"CooperK59@gmail.com","859-358-6952","2016-07-12","2176 Wheeler Higman Close","Woodcocks","NE",71049,"George Hunt","253-119-5900","Spouse"),
(112,3,"Maria","Miller",50,0,1,100,75,"MillerM68@gmail.com","256-426-3049","2017-10-06","115 Rydal South","Takutai","CT",28089,"Albert Farrell","280-117-8162","Spouse"),
(113,1,"Steven","Hill",74,5,1,33,70,"HillS2@gmail.com","934-402-8540","2020-08-26","797 Gartons Mead","Tuatapere","LA",62258,"Marcus Mason","567-187-6694","Child"),
(114,3,"Preston","Richards",78,5,1,33,80.33,"RichardsP35@gmail.com","271-192-2720","2011-01-06","8109 Bevan Wharf","Tahere","WV",94891,"Sydney Brooks","889-105-4556","Spouse"),
(115,3,"Carlos","Farrell",63,5,3,100,308.01,"FarrellC36@gmail.com","627-447-1046","2019-11-19","1013 Brownlow Loan","Mangatoki","LA",30775,"Sydney Dixon","765-854-2576","Spouse"),
(116,1,"Edgar","Brooks",60,5,1,100,92.33,"BrooksE8@gmail.com","746-270-5564","2010-08-05","5563 Marshall Parade","Berlins","IA",90274,"Vivian Hill","688-795-5013","Child"),
(117,3,"Ellia","Lloyd",46,0,1,33,52.67,"LloydE88@gmail.com","296-585-8898","2020-07-27","6742 Shottery Road","Eiffelton","NE",95284,"Maximilian Carroll","356-148-1237","Spouse"),
(118,1,"Max","Casey",48,5,1,33,47.33,"CaseyM95@gmail.com","181-720-4819","2019-07-30","286 Midland Parade","Rutherglen","KS",36235,"Andrew Hamilton","135-898-4874","Child"),
(119,1,"Brooke","Johnson",34,0,3,50,144,"JohnsonB10@gmail.com","405-983-8232","2012-03-31","2164 St Marys Mead","Nikau","GA",39569,"Maya Farrell","296-742-5651","Child"),
(120,1,"Harold","Carter",79,5,1,50,75.67,"CarterH22@gmail.com","282-444-6389","2014-09-16","8400 Braehead Beeches","Taheke","ID",58181,"Steven Barnes","597-884-3782","Child"),
(121,2,"Patrick","Jones",59,5,1,50,79.67,"JonesP83@gmail.com","390-168-1957","2017-12-05","1796 Goodwood Quadrant","Otanerau","WA",43289,"Alberta Myers","915-888-1256","Sibling"),
(122,1,"Alford","Murphy",60,5,1,33,70,"MurphyA9@gmail.com","103-419-9184","2019-01-28","2782 Hale Warren","Clinton","ND",92263,"Tess Murphy","411-837-4950","Child"),
(123,3,"Caroline","Davis",59,0,1,100,97.67,"DavisC92@gmail.com","230-191-9394","2019-05-05","2821 Brick Hawthorns","Pouto","ME",67265,"Amy Rogers","483-884-6590","Spouse"),
(124,2,"Audrey","Casey",36,0,1,100,68.67,"CaseyA83@gmail.com","241-486-3861","2018-10-21","5244 Harefield Banks","Springfield","VT",80814,"Valeria Crawford","238-693-3856","Sibling"),
(125,2,"Brad","Armstrong",30,5,1,50,57,"ArmstrongB91@gmail.com","705-411-7382","2016-01-06","2993 Edge Grange","Ladbrooks","MO",49842,"Patrick Gibson","318-331-7778","Sibling"),
(126,3,"Melanie","Richardson",74,0,1,100,97.67,"RichardsonM88@gmail.com","694-895-3441","2011-11-09","3495 Spon Lane","Omimi","ID",28764,"Carina Edwards","156-265-9700","Spouse"),
(127,1,"Kelvin","Holmes",49,5,1,33,47.33,"HolmesK44@gmail.com","809-923-3671","2014-12-29","2566 Coopers Holt","Raupo","IN",34109,"Mary Holmes","730-541-8635","Child"),
(128,1,"Steven","Henderson",30,5,1,100,69.67,"HendersonS92@gmail.com","663-758-9432","2015-08-26","2507 Whitby Garth","Herekino","WA",86220,"Samantha Henderson","807-864-3094","Child"),
(129,2,"Maria","Watson",64,0,1,33,69,"WatsonM50@gmail.com","465-789-9527","2011-11-27","8958 Wyvern Ridings","Kirikau","GA",92840,"Leonardo Tucker","368-352-6997","Sibling"),
(130,2,"Ryan","Harris",72,5,3,50,239.01,"HarrisR11@gmail.com","302-852-9072","2010-04-15","5682 Dorset Rise","Arapohue","MD",88219,"Daniel Moore","839-187-6808","Sibling"),
(131,1,"Adrian","Phillips",68,5,1,33,70,"PhillipsA42@gmail.com","330-532-5974","2014-09-27","6767 Azalea Bridge","Mauku","AK",47313,"Garry Campbell","452-781-9773","Child"),
(132,2,"Lucas","Harper",54,5,1,50,79.67,"HarperL3@gmail.com","904-959-1336","2011-06-03","9705 April Glen","Aranui","FL",74868,"Nicole Barrett","321-832-2825","Sibling"),
(133,1,"Dominik","Casey",23,5,1,33,41.67,"CaseyD57@gmail.com","190-820-6885","2017-06-08","2786 Ashfield Corner","Tiromoana","OR",55496,"Maria Alexander","543-255-8823","Child"),
(134,1,"Maximilian","Cole",47,5,1,33,47.33,"ColeM63@gmail.com","252-665-3975","2018-03-15","1207 Beech Tree Broadway","Komata","NJ",69014,"Audrey Cole","412-685-6446","Child"),
(135,3,"Annabella","Gray",66,0,1,33,75.33,"GrayA4@gmail.com","277-820-7200","2020-10-14","8275 Dalecote Avenue","Kairanga","GA",99635,"Ellia Barrett","441-254-8101","Spouse"),
(136,2,"Melissa","Murphy",75,0,1,33,69,"MurphyM9@gmail.com","613-171-7467","2014-12-14","5763 Jersey East","Caberfeidh","ND",60086,"Dale Lloyd","251-434-3474","Sibling"),
(137,1,"Madaline","Foster",68,0,3,100,261.99,"FosterM28@gmail.com","734-104-6544","2014-06-29","3890 Fairfield Ride","Kongahu","WA",54372,"Tony Dixon","413-808-9566","Child"),
(138,1,"Vanessa","Andrews",55,0,1,33,65,"AndrewsV56@gmail.com","231-902-9398","2010-04-21","3979 Golden Corner","Ward","WA",17753,"Miley Wells","403-222-8937","Child"),
(139,1,"Lucy","Jones",67,0,1,100,87.33,"JonesL90@gmail.com","382-330-4770","2018-11-26","9644 Crossfield Highway","Tikokino","NY",20269,"Richard Parker","835-682-4828","Child"),
(140,1,"Alissa","Ross",61,0,1,50,70.67,"RossA16@gmail.com","782-506-6220","2012-10-02","1914 Federation Lane","Pirinoa","CO",79270,"Albert Hawkins","963-800-5345","Child"),
(141,1,"Sawyer","Douglas",34,5,1,33,47.33,"DouglasS79@gmail.com","272-153-7912","2014-07-09","3831 Woodlea Ridge","Castlecliff","AZ",24757,"Edgar Alexander","977-405-3649","Child"),
(142,3,"Kristian","Reed",45,5,1,33,57.67,"ReedK92@gmail.com","218-120-8181","2018-05-06","1153 Kendal Lane","Kennington","HI",81993,"George Wilson","397-233-3782","Spouse"),
(143,1,"Andrew","Harris",27,5,1,100,64,"HarrisA7@gmail.com","695-701-2951","2017-07-06","7588 Beauchamp Courtyard","Kirikopuni","UT",33424,"Albert Carroll","782-401-1951","Child"),
(144,3,"Melissa","Spencer",25,0,1,100,69.33,"SpencerM56@gmail.com","505-562-1929","2018-05-21","4524 Story Lane","Hororata","IN",90833,"Jenna Sullivan","463-330-6921","Spouse"),
(145,2,"Sawyer","Farrell",50,5,1,100,73.67,"FarrellS75@gmail.com","561-873-6732","2015-03-20","9296 Welbeck Glebe","Kakapotahi","MD",17473,"Roman Montgomery","508-722-8957","Sibling"),
(146,2,"Alford","Walker",62,5,1,100,96.33,"WalkerA89@gmail.com","709-347-1663","2013-06-04","335 Cotshill Gardens","Atarau","OH",94505,"Alfred Carroll","429-489-4781","Sibling"),
(147,2,"Andrew","Baker",40,5,1,100,73.67,"BakerA33@gmail.com","559-579-6904","6/31/2014","9050 Charlotte Woods","Spreydon","RI",15985,"Albert Ross","465-609-7372","Sibling"),
(148,3,"Julia","Higgins",62,0,3,50,243,"HigginsJ5@gmail.com","128-933-1210","2019-12-18","8354 Fife Path","Ohinemutu","ID",48955,"Steven Hamilton","801-101-7782","Spouse"),
(149,1,"Adrianna","Myers",29,0,3,100,177,"MyersA30@gmail.com","166-167-5781","2014-07-19","3425 Caledonian Hawthorns","Ohinepanea","CA",38961,"Elise Gibson","475-171-1493","Child"),
(150,2,"Harold","Allen",53,5,1,33,74,"AllenH12@gmail.com","900-393-5080","2020-05-25","6137 Churchill Town","Opuawhanga","MD",22799,"Andrew Baker","983-237-6091","Sibling"),
(151,1,"Edgar","Rogers",53,5,1,33,70,"RogersE94@gmail.com","399-979-4143","2011-08-12","346 Burford Acre","Barrengarry","MT",36011,"Jenna Edwards","325-109-3394","Child"),
(152,1,"Alina","Allen",56,0,1,33,65,"AllenA65@gmail.com","173-983-2242","2017-11-17","7402 Baitings Gate Road","Cowwarr","MS",28765,"Julian Bennett","351-670-2283","Child"),
(153,1,"Sarah","Carroll",63,0,1,33,65,"CarrollS81@gmail.com","653-381-6464","2011-09-13","4160 Southview Grange","Kobble","DE",49817,"Chloe Ross","790-182-4732","Child"),
(154,1,"Ellia","Carroll",67,0,3,50,212.01,"CarrollE29@gmail.com","913-614-9255","2012-09-27","2473 Wingfield Place","Yerrinbool","CT",55803,"Alberta Montgomery","776-516-8519","Child"),
(155,1,"Leonardo","Phillips",58,5,1,50,75.67,"PhillipsL15@gmail.com","818-988-7964","2010-12-24","9531 Copse Heights","Peechelba","TX",26950,"Tyler Johnson","700-526-6495","Child"),
(156,2,"Patrick","Hamilton",44,5,1,33,51.33,"HamiltonP3@gmail.com","509-776-1697","2014-11-04","8688 Bonnet Road","Wombye","ID",47043,"Melanie Cooper","431-571-3404","Sibling"),
(157,3,"George","Moore",66,5,3,50,258,"MooreG8@gmail.com","978-696-7829","2011-07-05","8506 Ashton Moorings","Mount Martin","NC",64924,"Daniel Adams","498-273-1207","Spouse"),
(158,3,"Eleanor","Ferguson",27,0,1,33,47,"FergusonE16@gmail.com","330-700-9285","2019-08-21","2296 Newton Mill","Brady Creek","WA",45186,"Sarah Miller","184-812-3161","Spouse"),
(159,2,"Miranda","Campbell",23,0,1,50,46.33,"CampbellM44@gmail.com","505-672-8754","2013-11-26","8986 Armstrong Market","Mount Low","HI",25611,"Brad Casey","694-167-5836","Sibling"),
(160,2,"James","Myers",30,5,1,50,57,"MyersJ67@gmail.com","768-322-7831","2017-01-17","7440 Lyndale Isaf","Torquay","GA",73767,"Elian Holmes","638-521-1035","Sibling"),
(161,1,"Rebecca","Hill",74,0,1,100,87.33,"HillR2@gmail.com","957-619-8615","2013-07-07","6564 Harwood Maltings","Windorah","HI",28100,"Alisa Wilson","103-381-5097","Child"),
(162,3,"Agata","Ellis",75,0,1,100,97.67,"EllisA23@gmail.com","402-704-6498","2014-10-15","7103 Puttenham Close","Gawler River","CT",52058,"Paul Allen","293-365-5041","Spouse"),
(163,3,"Maya","Lloyd",55,0,1,100,97.67,"LloydM3@gmail.com","142-500-1794","2014-05-07","1853 Newman Lawns","Blackwall","KY",95872,"Samantha Howard","891-348-6911","Spouse"),
(164,3,"Brad","Dixon",43,5,1,50,63.33,"DixonB50@gmail.com","184-177-4816","2012-07-03","3008 Kentmere Bottom","Garoolgan","IA",97952,"Cadie Parker","600-830-2141","Spouse"),
(165,3,"Sydney","Jones",36,0,1,33,52.67,"JonesS20@gmail.com","565-860-9326","2012-07-20","6714 Dunlop Hill","Quarram","MD",60240,"Amy Rogers","402-857-2145","Spouse"),
(166,3,"Jessica","Morrison",51,0,1,50,81,"MorrisonJ50@gmail.com","436-836-5604","2018-12-28","3311 Fox Coverts","Howden","NH",13210,"Agata Spencer","487-809-9718","Spouse"),
(167,2,"Owen","Parker",77,5,1,100,96.33,"ParkerO6@gmail.com","978-433-3761","2020-04-07","1769 Wilkinson Bridge","Saint Peters","OK",13960,"Kristian Cunningham","189-889-1974","Sibling"),
(168,1,"Alina","Barnes",46,0,1,33,42.33,"BarnesA48@gmail.com","169-112-3744","2017-11-14","9122 Homestead Bottom","Looma","VA",96024,"Rebecca Ellis","198-470-6747","Child"),
(169,2,"Carina","Turner",69,0,1,50,74.67,"TurnerC35@gmail.com","823-620-6250","2019-03-21","3497 Ashwood Mead","Doolandella","VA",69957,"Vanessa Moore","326-235-7565","Sibling"),
(170,1,"Natalie","Carroll",60,0,1,100,87.33,"CarrollN77@gmail.com","193-478-4828","2013-11-28","2701 Mill Hill Manor","Gympie","NH",32660,"Sophia Casey","666-433-7071","Child"),
(171,2,"Aldus","Warren",40,5,1,50,57,"WarrenA15@gmail.com","853-559-2750","2012-10-10","1534 James Royd","Moonbah","AZ",60610,"Lydia Jones","235-114-9262","Sibling"),
(172,3,"Sydney","Chapman",51,0,3,33,225.99,"ChapmanS64@gmail.com","831-896-1603","2017-07-13","1181 French Moor","Preston","UT",29471,"Oliver Reed","468-180-6519","Spouse"),
(173,3,"George","Tucker",31,5,1,33,57.67,"TuckerG99@gmail.com","387-378-8498","2017-11-21","9910 Ashtree Leasow","Vectis East","VT",56714,"Natalie Richards","496-825-9480","Spouse"),
(174,3,"Spike","Richards",74,5,3,50,258,"RichardsS68@gmail.com","940-918-9774","2017-07-26","9810 Newport By-Pass","Innisplain","MA",40955,"Joyce Martin","691-117-6253","Spouse"),
(175,3,"Oliver","Hamilton",57,5,1,33,80.33,"HamiltonO22@gmail.com","955-109-7945","2017-06-28","8946 Edge End Gardens","Zamia","AZ",78653,"Elise Ellis","982-572-2649","Spouse"),
(176,1,"Marcus","Barnes",56,5,1,33,70,"BarnesM88@gmail.com","130-383-6830","2017-03-20","2061 Timsbury Road","Lyonville","OR",60567,"Chloe Tucker","177-210-5331","Child"),
(177,3,"Brad","Carroll",58,5,1,100,102.67,"CarrollB34@gmail.com","449-862-2228","2010-12-24","9802 Christchurch Drive","Tyndale","CA",84866,"Brooke Casey","598-185-4050","Spouse"),
(178,3,"James","Riley",39,5,1,50,63.33,"RileyJ12@gmail.com","623-129-7499","2012-07-07","3312 Ashton Hill","Tynong North","HI",24597,"Rebecca Hamilton","794-553-8061","Spouse"),
(179,1,"Nicholas","Morrison",71,5,1,33,70,"MorrisonN17@gmail.com","774-122-5081","2010-09-06","4746 St Catherines Garth","Weering","NY",39797,"Frederick Johnson","240-545-7334","Child"),
(180,2,"Roman","Martin",79,5,1,100,96.33,"MartinR90@gmail.com","371-564-8611","2013-11-11","7396 Red House Las","Sallys Flat","CA",15628,"Julia Moore","277-702-5969","Sibling"),
(181,3,"Florrie","Hall",20,0,1,100,69.33,"HallF46@gmail.com","163-581-5175","2015-07-07","387 Ranmoor Road","Coolum","MA",49321,"Sawyer Harris","312-862-9645","Spouse"),
(182,3,"Ned","Barnes",59,5,1,100,102.67,"BarnesN37@gmail.com","199-344-1508","2018-11-12","9528 Hay Barn Meadow","Upper Manilla","CT",36884,"Sarah Riley","160-369-9053","Spouse"),
(183,1,"Dale","Sullivan",30,5,1,33,47.33,"SullivanD70@gmail.com","694-787-5235","2017-07-13","3656 Ridley Moorings","Nara","AZ",66473,"Ellia Hawkins","828-337-1443","Child"),
(184,3,"Sofia","Thomas",74,0,1,33,75.33,"ThomasS45@gmail.com","766-778-6104","2010-03-23","1940 Old Hill Avenue","Bakers Swamp","ME",30752,"Patrick Harrison","513-564-2574","Spouse"),
(185,1,"Alberta","Bennett",73,0,1,50,70.67,"BennettA59@gmail.com","907-282-8498","2020-04-26","8949 Lower Walk","Hollisdale","NY",54865,"Rebecca Ferguson","879-132-9818","Child"),
(186,1,"Amy","Kelly",36,0,3,33,126.99,"KellyA70@gmail.com","685-718-4153","2020-09-15","7601 Austen Spur","Eurimbla","TN",17184,"Lucy Brooks","303-191-7808","Child"),
(187,1,"Amy","Alexander",27,0,3,100,177,"AlexanderA93@gmail.com","327-114-3833","2017-04-14","7663 Duchess Town","Ganmain","CT",74515,"Agata Barnes","628-275-2790","Child"),
(188,1,"Nicole","Andrews",70,0,1,50,70.67,"AndrewsN4@gmail.com","809-454-7963","2010-06-05","2256 Shakespeare Laurels","Liston","WI",22864,"Kristian Brown","927-372-5330","Child"),
(189,2,"Tony","Crawford",66,5,3,50,239.01,"CrawfordT13@gmail.com","494-817-2624","2017-09-04","8846 Elm Tree Oval","Windy Corner","IA",72347,"Paul Perkins","175-959-1170","Sibling"),
(190,2,"Carlos","Edwards",76,5,1,50,79.67,"EdwardsC66@gmail.com","503-718-7149","2017-01-29","7233 Seafield Square","Yorke","AZ",34344,"George Stewart","585-630-4913","Sibling"),
(191,2,"Carl","Parker",50,5,1,50,57,"ParkerC71@gmail.com","531-189-4453","2012-06-06","1916 Meadowgate Drive","Ingle Farm","IL",35340,"Vivian Davis","461-692-2543","Sibling"),
(192,3,"Haris","Baker",59,5,1,100,102.67,"BakerH85@gmail.com","251-357-2979","2016-03-07","693 Guildford Ridgeway","Burnbank","CA",55042,"Nicole Carroll","179-151-7900","Spouse"),
(193,2,"Tess","Williams",61,0,1,33,69,"WilliamsT4@gmail.com","668-360-7819","2017-07-20","7589 Knowles Crest","South Mission Beach","WA",64879,"Leonardo Carroll","698-268-1424","Sibling"),
(194,3,"Adrianna","Harris",69,0,1,50,81,"HarrisA32@gmail.com","899-546-8264","2010-10-24","6141 Raymond Wynd","Diamond Beach","NC",44242,"Haris Perkins","928-608-7581","Spouse"),
(195,3,"Jasmine","Brown",23,0,1,50,52.67,"BrownJ22@gmail.com","680-533-4193","2015-06-12","3106 Cosford Mews","Garryowen","CT",62162,"Lily Williams","796-638-9756","Spouse"),
(196,2,"Miley","Turner",22,0,1,100,63,"TurnerM41@gmail.com","747-123-9934","2014-09-29","5235 Greenleas Avenue","Gundiah","OR",19951,"Dominik Riley","521-524-1173","Sibling"),
(197,3,"Lydia","Miller",72,0,1,100,97.67,"MillerL15@gmail.com","231-335-7145","2013-12-30","2522 Villiers Ridgeway","Amyton","SD",72184,"Thomas Kelly","379-703-5453","Spouse"),
(198,2,"Marcus","Barrett",19,5,1,33,45.67,"BarrettM42@gmail.com","793-965-4665","2018-11-01","151 Clovelly Buildings","Wagin","WI",84721,"Sydney Wright","580-410-5923","Sibling"),
(199,2,"John","Hamilton",66,5,3,100,288.99,"HamiltonJ35@gmail.com","433-591-4764","2020-12-10","8899 Albion Wharf","Kooloonong","KY",83847,"Valeria Spencer","998-845-4534","Sibling"),
(200,1,"Alexia","Stewart",35,0,1,33,42.33,"StewartA36@gmail.com","100-697-2809","2012-12-02","7302 Kenmore Yard","Dongara","OH",49743,"Owen Perkins","492-921-5823","Child"),
(201,3,"Darcy","Wilson",60,0,3,50,243,"WilsonD6@gmail.com","764-264-4740","2013-03-02","806 Mann Square","Medicine Park","KY",10514,"Justin Barnes","218-238-3624","Spouse"),
(202,3,"Daisy","Perkins",30,0,1,33,52.67,"PerkinsD12@gmail.com","385-237-9444","2011-01-01","1356 Daldowie Street","Sierra Vista Southeast","CO",77383,"Ryan Henderson","576-309-5805","Spouse"),
(203,1,"Ryan","Carter",34,5,1,100,69.67,"CarterR40@gmail.com","148-592-4218","2020-10-03","280 Vauxhall Nook","Trumann","ND",33306,"Brooke Lloyd","538-392-9413","Child"),
(204,1,"Joyce","Elliott",72,0,1,33,65,"ElliottJ40@gmail.com","854-985-6497","2012-09-23","8026 Alnwick Elms","Ocean Bluff","NY",26756,"Reid Gibson","162-772-7112","Child"),
(205,2,"Reid","Johnson",70,5,3,50,239.01,"JohnsonR43@gmail.com","670-202-1608","2012-04-01","3630 Tyrone Drive","Daniels","HI",33219,"Adrian Barrett","734-470-2759","Sibling"),
(206,3,"Mike","Carroll",39,5,1,100,80,"CarrollM49@gmail.com","164-175-7808","2015-07-31","9390 Penn Lane","East Honolulu","NH",68648,"Leonardo Clark","288-175-7324","Spouse"),
(207,1,"Tess","Holmes",40,0,3,33,126.99,"HolmesT33@gmail.com","548-859-7587","2016-04-22","655 Albyns Avenue","Palmas del Mar","IA",91943,"Charlie Harper","119-158-6973","Child"),
(208,1,"Chloe","Dixon",80,0,1,100,87.33,"DixonC54@gmail.com","356-420-3320","2016-08-25","5314 Kingsway Acre","Lost Springs","OH",45757,"Jenna Parker","549-832-2939","Child"),
(209,2,"Darcy","Reed",61,0,1,33,69,"ReedD46@gmail.com","358-141-9614","2010-03-14","2694 Orchid Orchard","Vanceburg","GA",76122,"Chelsea Chapman","167-370-8771","Sibling"),
(210,2,"Lily","Tucker",36,0,1,100,68.67,"TuckerL54@gmail.com","163-986-2583","2018-06-10","7058 Bancroft Farm","St. Bernard","OK",52666,"Dale Kelly","359-109-7559","Sibling"),
(211,3,"Jared","Johnson",50,5,1,100,80,"JohnsonJ16@gmail.com","440-338-4052","2012-08-25","5256 Dibble Road","Lisman","AR",79566,"Charlie Walker","937-903-4143","Spouse"),
(212,2,"Alina","Alexander",40,0,1,100,68.67,"AlexanderA96@gmail.com","974-437-7900","2015-12-01","9411 Ings Fairway","Green Lane","OH",63336,"Miranda Riley","265-720-8711","Sibling"),
(213,1,"Edwin","Miller",63,5,1,100,92.33,"MillerE24@gmail.com","602-723-6720","2020-04-05","4899 Henbest Close","Ethel","MN",94293,"Reid Casey","295-123-4713","Child"),
(214,2,"Natalie","Ferguson",69,0,1,50,74.67,"FergusonN44@gmail.com","287-526-3089","2017-03-05","5474 Keble Dene","State Line City","IA",17598,"Catherine Perkins","609-820-6328","Sibling"),
(215,1,"Amelia","Parker",27,0,1,33,36.67,"ParkerA10@gmail.com","812-700-5109","2013-12-15","5101 Ely Square","Duran","HI",91169,"Jack Howard","106-707-6642","Child"),
(216,2,"Briony","Douglas",50,0,1,33,46.33,"DouglasB79@gmail.com","825-384-3637","2020-04-25","4262 Drovers Ride","Corley","NE",34339,"Sawyer Richards","255-544-2919","Sibling"),
(217,1,"Cadie","Perkins",23,0,1,33,36.67,"PerkinsC25@gmail.com","352-279-4074","2017-02-10","4162 Great Headland Road","Lake","FL",55177,"Amber Richardson","812-161-4645","Child"),
(218,2,"Audrey","Harrison",62,0,1,33,69,"HarrisonA49@gmail.com","881-565-3619","2013-05-21","4433 Brunel Croft","Murrells Inlet","AK",67203,"Tony Ross","487-390-8860","Sibling"),
(219,3,"Lyndon","Richardson",79,5,1,50,86,"RichardsonL19@gmail.com","293-580-1689","2013-06-04","3470 Fair Brambles","Port Arthur","ID",60982,"Roland Turner","534-655-5285","Spouse"),
(220,1,"Sophia","Ross",60,0,1,50,70.67,"RossS26@gmail.com","699-854-4098","2010-11-19","5868 Golden Strand","Millingport","FL",29047,"Adrian Thompson","384-452-8815","Child"),
(221,1,"Ted","Hunt",29,5,1,100,64,"HuntT63@gmail.com","979-254-2986","2017-05-05","9884 Struthers Crescent","Toomsuba","FL",51398,"Tony Grant","779-241-8243","Child"),
(222,1,"Cadie","Edwards",27,0,3,50,126.99,"EdwardsC35@gmail.com","917-158-4010","2019-03-01","9410 Amber Drive","Hallandale Beach","TN",86524,"Madaline Allen","891-775-6320","Child"),
(223,3,"Vivian","Harper",48,0,1,100,75,"HarperV90@gmail.com","851-896-3393","2010-07-09","9899 Rowchester Way","Schriever","FL",11910,"Dainton Parker","814-393-1010","Spouse"),
(224,2,"Steven","Clark",72,5,1,50,79.67,"ClarkS60@gmail.com","641-695-5387","2011-06-01","7576 Glenwood Promenade","Niverville","ID",81918,"Andrew Lloyd","894-827-7062","Sibling"),
(225,2,"Lyndon","Farrell",33,5,1,50,57,"FarrellL56@gmail.com","364-707-9844","2012-02-27","1901 Birmingham Oval","Meadowbrook Terrace","PA",52127,"Lucas Davis","361-777-3661","Sibling"),
(226,3,"Adrianna","Sullivan",58,0,1,100,97.67,"SullivanA74@gmail.com","934-478-5446","2015-10-30","8490 Nicholson Cloisters","Parowan","VT",51085,"Lucy Parker","490-386-2179","Spouse"),
(227,3,"Eleanor","Harper",50,0,1,33,52.67,"HarperE81@gmail.com","470-981-2714","2013-10-17","7286 St George's Square","Hustisford","IL",37315,"Natalie Baker","148-871-1369","Spouse"),
(228,2,"Maria","Clark",42,0,1,33,46.33,"ClarkM88@gmail.com","878-843-7869","2010-08-10","2517 Turnberry Oaks","Walkersville","LA",94290,"Florrie Reed","952-641-7225","Sibling"),
(229,1,"Isabella","Hall",63,0,3,50,212.01,"HallI40@gmail.com","900-199-2625","2020-01-06","2216 Fairfax Glebe","Caroline","GA",51649,"Carina Ferguson","265-228-7806","Child"),
(230,2,"Arthur","Harris",57,5,1,50,79.67,"HarrisA33@gmail.com","198-397-1155","2018-02-02","311 Birchfield Parc","Port Townsend","MO",97694,"Nicole Adams","825-973-8692","Sibling"),
(231,3,"Chloe","Dixon",60,0,3,33,225.99,"DixonC83@gmail.com","889-224-3346","2010-10-05","5470 Kenwood Woodlands","Middlebury","VA",46255,"Alen Parker","144-991-4842","Spouse"),
(232,1,"Roman","Rogers",47,5,1,100,69.67,"RogersR29@gmail.com","288-696-5381","2012-12-13","1206 Howden Link","Reeds","NY",76601,"Sawyer Carter","699-619-9011","Child"),
(233,1,"Elise","Clark",64,0,1,50,70.67,"ClarkE57@gmail.com","613-687-6488","2/29/2013","6114 Beatrice Celyn","Ladonia","NH",77180,"Ned Harris","596-187-8167","Child"),
(234,2,"Robert","Scott",78,5,3,50,239.01,"ScottR48@gmail.com","597-119-6113","2012-03-11","5110 Rosebery Glas","Hoot Owl","WV",31287,"Myra Carter","924-577-8887","Sibling"),
(235,2,"Valeria","Brooks",64,0,3,50,224.01,"BrooksV11@gmail.com","225-424-6474","2014-04-20","6950 Rutherford Bridge","Point Clear","GA",87878,"Brooke Anderson","511-425-6090","Sibling"),
(236,3,"Melanie","Cameron",44,0,1,33,52.67,"CameronM33@gmail.com","832-956-5371","2013-04-27","1068 Lords Passage","Caroleen","DE",66087,"Madaline Clark","888-434-3574","Spouse"),
(237,2,"Cadie","Ferguson",31,0,1,33,46.33,"FergusonC56@gmail.com","194-939-8730","2015-01-18","4602 Brendon Sidings","Phillips","NH",25654,"Charlie Henderson","102-262-2085","Sibling"),
(238,3,"Albert","Stewart",60,5,1,33,80.33,"StewartA62@gmail.com","353-992-3058","2020-09-15","8119 Hilary Lane","Knights Landing","OH",34237,"Roman Davis","139-438-1659","Spouse"),
(239,2,"Garry","Mason",33,5,1,50,57,"MasonG97@gmail.com","151-526-2638","2019-01-04","1437 Chiswick Terrace","Mullinville","MT",74791,"Carlos Alexander","920-749-8945","Sibling"),
(240,3,"Alen","Wilson",30,5,1,33,57.67,"WilsonA69@gmail.com","237-286-9911","2019-01-28","9430 Lady Haven Road","Tuntutuliak","FL",80792,"James Rogers","196-444-3126","Spouse"),
(241,3,"Roland","Barrett",63,5,1,33,80.33,"BarrettR10@gmail.com","577-411-2961","2015-05-05","3922 Thorn Royd","El Prado Estates","VA",95727,"Robert Casey","249-502-9953","Spouse"),
(242,2,"Alisa","Gibson",41,0,1,100,68.67,"GibsonA59@gmail.com","926-332-1049","2010-03-18","8246 Embleton Avenue","Indian Village","TN",32092,"Maya Ferguson","639-427-1117","Sibling"),
(243,2,"Mary","Davis",60,0,1,100,91.33,"DavisM69@gmail.com","812-418-8149","2019-11-16","1715 Johnston Nook","Stoutland","SD",92243,"Jacob Bennett","291-932-1840","Sibling"),
(244,3,"Jacob","Perkins",71,5,1,100,102.67,"PerkinsJ4@gmail.com","641-229-8314","2019-11-11","7705 Wall Brown Way","Picuris Pueblo","MO",76872,"Cadie Cunningham","867-638-4640","Spouse"),
(245,1,"Reid","Hill",31,5,1,33,47.33,"HillR79@gmail.com","163-329-2619","2019-02-25","4978 Atlas Paddocks","Anna Maria","CA",87928,"Sarah Miller","130-822-2135","Child"),
(246,2,"Oliver","Howard",61,5,3,50,239.01,"HowardO66@gmail.com","216-591-7110","2019-12-31","4150 Matlock Court","San Carlos II","MN",40550,"Ellia Allen","447-168-8311","Sibling"),
(247,1,"Victoria","Roberts",23,0,3,50,126.99,"RobertsV3@gmail.com","515-567-8407","2016-06-13","5817 Wettonmill Close","Coppock","VA",87741,"Maya Anderson","703-148-1429","Child"),
(248,1,"Fiona","Harper",35,0,1,50,48,"HarperF98@gmail.com","160-182-4374","2020-09-01","5042 Plantation Poplars","Laurence Harbor","WV",68067,"Brad Kelly","340-576-7381","Child"),
(249,2,"Deanna","Roberts",34,0,1,50,52,"RobertsD79@gmail.com","724-357-4323","2014-07-11","56 Elmer Avenue","North Zanesville","KY",82116,"Sawyer Howard","227-177-9250","Sibling");

INSERT INTO waitList VALUES
(1,'Sydney','Reed','043-4418-75','s.reed@randatmail.com','2021-10-22','09:05'),
(2,'Byron','Wilson','380-9045-97','b.wilson@randatmail.com','2021-10-25','09:10'),
(3,'Brooke','Morrison','456-1932-38','b.morrison@randatmail.com','2021-10-26','09:15'),
(4,'Caroline','Montgomery','199-3077-15','c.montgomery@randatmail.com','2021-10-28','09:20'),
(5,'Adele','Perkins','651-2706-33','a.perkins@randatmail.com','2021-11-02','09:25'),
(6,'Wilson','Roberts','474-9567-04','w.roberts@randatmail.com','2021-11-03','09:40'),
(7,'Edward','Sullivan','223-6259-47','e.sullivan@randatmail.com','2021-11-04','10:05'),
(8,'Lucia','Cunningham','321-9704-05','l.cunningham@randatmail.com','2021-11-08','10:15'),
(9,'Edwin','Tucker','197-8750-79','e.tucker@randatmail.com','2021-11-12','10:25'),
(10,'Fenton','Payne','899-6904-56','f.payne@randatmail.com','2021-11-16','10:30'),
(11,'Kate','Parker','452-8903-38','k.parker@randatmail.com','2021-11-22','10:55'),
(12,'Darcy','Roberts','951-7016-60','d.roberts@randatmail.com','2021-11-23','11:00'),
(13,'Carlos','Dixon','828-9426-95','c.dixon@randatmail.com','2021-11-30','11:05'),
(14,'Alina','Payne','124-5390-06','a.payne@randatmail.com','2021-12-01','11:10'),
(15,'Carina','Brooks','586-7864-19','c.brooks@randatmail.com','2021-12-06','11:25'),
(16,'Julian','Stevens','262-7053-09','j.stevens@randatmail.com','2021-12-10','11:30'),
(17,'Henry','Davis','287-4375-84','h.davis@randatmail.com','2021-12-13','11:35'),
(18,'Camila','Gibson','785-3609-71','c.gibson@randatmail.com','2021-12-14','11:40'),
(19,'Belinda','Hill','620-8351-56','b.hill@randatmail.com','2021-12-17','11:45'),
(20,'Nicholas','Gibson','889-4749-83','n.gibson@randatmail.com','2021-12-22','12:00'),
(21,'Nicole','Edwards','164-5904-62','n.edwards@randatmail.com','2021-12-24','12:15'),
(22,'Max','Rogers','494-3060-35','m.rogers@randatmail.com','2021-12-28','12:30'),
(23,'Audrey','Phillips','962-6013-73','a.phillips@randatmail.com','2021-12-29','12:35'),
(24,'Fiona','Henderson','061-8660-47','f.henderson@randatmail.com','2021-12-30','12:45'),
(25,'Victor','Edwards','073-5259-11','v.edwards@randatmail.com','2021-12-31','13:05'),
(26,'Violet','Martin','395-0472-19','v.martin@randatmail.com','2021-10-25','13:10'),
(27,'Adrian','Craig','225-7116-91','a.craig@randatmail.com','2021-10-26','13:20'),
(28,'Camila','Evans','348-8595-94','c.evans@randatmail.com','2021-10-29','13:35'),
(29,'Oscar','Wright','975-3992-15','o.wright@randatmail.com','2021-11-03','13:55'),
(30,'Adison','Foster','940-6233-87','a.foster@randatmail.com','2021-11-05','14:00'),
(31,'Ted','Fowler','778-1126-28','t.fowler@randatmail.com','2021-11-08','14:05'),
(32,'Sawyer','Howard','379-5479-39','s.howard@randatmail.com','2021-11-12','14:25'),
(33,'Edwin','Tucker','930-0131-35','e.tucker@randatmail.com','2021-11-16','14:35'),
(34,'Anna','Cunningham','248-1033-46','a.cunningham@randatmail.com','2021-11-17','14:50'),
(35,'Brianna','Gray','321-4658-67','b.gray@randatmail.com','2021-11-18','14:55'),
(36,'Maddie','Campbell','765-9007-77','m.campbell@randatmail.com','2021-11-19','15:00'),
(37,'Reid','Jones','981-2284-41','r.jones@randatmail.com','2021-11-24','15:05'),
(38,'Martin','Payne','491-6562-03','m.payne@randatmail.com','2021-11-26','15:10'),
(39,'Jasmine','Hunt','475-8570-64','j.hunt@randatmail.com','2021-12-01','15:15'),
(40,'Olivia','Andrews','392-8391-60','o.andrews@randatmail.com','2021-12-02','15:20'),
(41,'Savana','Williams','055-8920-73','s.williams@randatmail.com','2021-12-03','15:25'),
(42,'Alissa','Montgomery','781-1890-10','a.montgomery@randatmail.com','2021-12-06','15:40'),
(43,'Edward','Evans','621-5162-24','e.evans@randatmail.com','2021-12-07','15:45'),
(44,'Samantha','Craig','093-7759-71','s.craig@randatmail.com','2021-12-08','15:50'),
(45,'Jasmine','Murphy','531-1008-74','j.murphy@randatmail.com','2021-12-10','16:00'),
(46,'Sienna','Clark','990-8500-07','s.clark@randatmail.com','2021-12-17','16:05'),
(47,'Alfred','Smith','391-5173-61','a.smith@randatmail.com','2021-12-20','16:15'),
(48,'Audrey','Chapman','731-0523-85','a.chapman@randatmail.com','2021-12-21','16:30'),
(49,'Melanie','Kelly','855-5297-10','m.kelly@randatmail.com','2021-12-27','16:35'),
(50,'Spike','Cooper','569-8271-78','s.cooper@randatmail.com','2021-12-31','16:40'),
(51,'Walter','Brown','225-5125-73','w.brown@randatmail.com','2021-10-25','17:00');

-- create the users and grant priveleges to those users
GRANT SELECT, INSERT, DELETE, UPDATE
ON easy_insure_db.*
TO easyinsure1@localhost
IDENTIFIED BY 'easyinsureisgreat';